Player,Age,Team,Pos,GP,G,A,PTS,PlusMin,PS,S,TOI,BLK,HIT
Nicholas Abruzzese,22,TOR,C,9,1,0,1,-1,0,8,92,3,7
Noel Acciari,30,FLA,C,20,3,5,8,2,0.6,32,240,16,48
Calen Addison,21,MIN,D,15,2,2,4,-4,0.3,17,207,6,12
Andrew Agozzino,31,OTT,LW,1,0,0,0,0,0,1,7,0,4
Jack Ahcan,24,BOS,D,6,1,0,1,-3,0.1,5,96,5,8
Sebastian Aho,24,CAR,F,79,37,44,81,18,9.5,221,1497,23,76
Sebastian Aho,25,NYI,D,36,2,10,12,-6,1.7,34,592,42,32
Alexander Alexeyev,22,WSH,D,1,0,0,0,0,0,0,11,0,1
Wade Allison,24,PHI,RW,1,0,0,0,-1,0,2,8,0,1
Michael Amadio,25,TOT,C,56,11,7,18,1,1.7,64,681,16,42
Joey Anderson,23,TOR,RW,5,0,0,0,0,-0.1,10,44,0,3
Josh Anderson,27,MTL,RW,69,19,13,32,-25,2.1,151,1189,35,153
Michael Anderson,22,LAK,D,57,2,6,8,6,2.6,58,1147,69,133
Jaret Anderson-Dolan,22,LAK,C,7,0,0,0,-3,-0.3,5,97,3,12
Lias Andersson,23,LAK,C,20,1,1,2,-7,-0.3,29,212,3,23
Rasmus Andersson,25,CGY,D,82,4,46,50,30,8.6,152,1859,125,63
Andy Andreoff,30,NYI,LW,6,1,0,1,-1,0.1,6,60,1,11
Anthony Angello,25,PIT,C,4,0,0,0,0,0,2,27,0,13
Mason Appleton,26,TOT,C,68,8,13,21,-1,1.2,98,1012,20,64
Josh Archibald,29,EDM,RW,8,0,1,1,-2,-0.1,4,72,2,27
Joel Armia,28,MTL,RW,60,6,8,14,-15,0.1,103,823,27,104
Viktor Arvidsson,28,LAK,LW,66,20,29,49,1,5.2,227,1121,45,23
Rasmus Asplund,24,BUF,F,80,8,19,27,-5,1.6,130,1142,14,30
Zach Aston-Reese,27,TOT,C,69,5,10,15,9,0.8,78,900,42,231
Andreas Athanasiou,27,LAK,C,28,11,6,17,7,2.4,71,427,10,11
Cam Atkinson,32,PHI,RW,73,23,27,50,-2,5.1,215,1332,45,20
Ronald Attard,22,PHI,D,15,2,2,4,-2,0.7,16,249,17,24
Nicolas Aube-Kubel,25,TOT,RW,74,11,12,23,11,2.3,87,726,18,140
Mikael Backlund,32,CGY,C,82,12,27,39,16,3,214,1404,27,62
Nicklas Backstrom,34,WSH,C,47,6,25,31,-8,2,68,822,16,16
Brandon Baddock,26,MTL,LW,1,0,0,0,0,0,0,8,0,6
Sven Baertschi,29,VEG,LW,1,0,0,0,-1,-0.1,1,14,0,0
Kevin Bahl,21,NJD,D,17,1,3,4,-6,0.3,16,268,15,28
Josh Bailey,32,NYI,C,74,14,30,44,-7,3.7,87,1250,26,19
Justin Bailey,26,VAN,RW,14,0,0,0,-5,-0.4,16,127,6,12
Rudolfs Balcers,24,SJS,LW,61,11,12,23,-3,2,98,917,43,115
Alexander Barabanov,27,SJS,F,70,10,29,39,-5,3,103,1203,39,53
Ivan Barbashev,26,STL,C,81,26,34,60,4,5.9,111,1332,28,160
Riley Barber,27,DET,RW,4,0,0,0,-2,-0.1,4,34,1,3
Aleksander Barkov,26,FLA,C,67,39,49,88,36,10.6,214,1360,42,50
Alex Barre-Boulet,24,TOT,F,16,3,3,6,0,0.6,16,176,3,10
Tyson Barrie,30,EDM,D,73,7,34,41,3,5.7,149,1384,73,27
Justin Barron,20,TOT,D,7,1,1,2,-3,0.2,13,120,5,5
Morgan Barron,23,TOT,C,27,2,3,5,-4,0.1,33,265,8,49
Mathew Barzal,24,NYI,C,73,15,44,59,-15,4.9,161,1315,17,36
Nathan Bastian,24,TOT,RW,72,12,6,18,-12,1.1,97,857,40,210
Drake Batherson,23,OTT,C,46,17,27,44,4,4.9,110,871,15,89
Gavin Bayreuther,27,CBJ,D,43,0,8,8,0,1.1,44,561,45,50
Jay Beagle,36,ARI,RW,33,1,1,2,-20,-1.2,24,455,16,50
Jake Bean,23,CBJ,D,67,7,18,25,-5,3.6,90,1378,71,41
Ethan Bear,24,CAR,D,58,5,9,14,1,2.9,97,933,41,55
Nicolas Beaudin,22,CHI,D,2,0,0,0,-1,-0.1,1,12,1,0
Nathan Beaulieu,29,WPG,D,24,0,4,4,-7,0.1,24,258,19,19
Anthony Beauvillier,24,NYI,LW,75,12,22,34,-10,2.4,154,1263,20,39
Adam Beckman,20,MIN,LW,3,0,1,1,-1,0,4,31,1,1
Pierre-Edouard Bellemare,36,TBL,LW,80,9,11,20,24,1.7,72,1101,44,88
Kieffer Bellows,23,NYI,LW,45,6,13,19,-1,1.7,79,534,14,103
Alex Belzile,30,MTL,F,11,0,0,0,0,-0.2,13,114,5,17
Emil Bemstrom,22,CBJ,C,41,6,5,11,-1,0.8,62,431,6,36
Matthew Beniers,19,SEA,C,10,3,6,9,-1,0.9,18,169,4,7
Jamie Benn,32,DAL,LW,82,18,28,46,-13,3.7,182,1373,60,143
Jordie Benn,34,MIN,D,39,1,7,8,1,0.9,37,584,41,51
Sam Bennett,25,FLA,C,71,28,21,49,27,5.8,241,1203,27,119
Matt Benning,27,NSH,D,65,0,11,11,-24,0.2,61,1062,67,82
Simon Benoit,23,ANA,D,53,1,4,5,-5,1.2,45,747,39,168
Tyler Benson,23,EDM,LW,29,1,1,2,-5,-0.3,18,248,3,45
Patrice Bergeron,36,BOS,C,73,25,40,65,26,7.6,293,1326,45,78
Jacob Bernard-Docker,21,OTT,D,8,0,1,1,1,0.3,6,118,3,4
Tyler Bertuzzi,26,DET,LW,68,30,32,62,-11,6.4,180,1351,41,65
Alex Biega,33,TOR,D,2,0,0,0,-2,-0.1,2,26,1,5
Brandon Biro,23,BUF,F,1,0,0,0,0,0,0,14,0,1
Clark Bishop,25,OTT,C,9,0,1,1,-3,-0.1,8,75,3,12
Anders Bjork,25,BUF,LW,58,5,3,8,-14,-0.3,51,698,16,11
Kasper Bjorkqvist,24,PIT,RW,6,1,0,1,-1,0.1,8,50,2,9
Oliver Bjorkstrand,26,CBJ,RW,80,28,29,57,-35,4.4,215,1436,31,85
Tobias Bjornfot,20,LAK,D,70,0,8,8,-12,1.1,53,1173,58,61
Nick Bjugstad,29,MIN,C,57,7,6,13,-2,0.6,81,585,14,99
Colin Blackwell,28,TOT,C,58,10,10,20,0,1.8,77,692,24,91
Sammy Blais,25,NYR,LW,14,0,4,4,3,0.2,17,188,8,37
Nick Blankenburg,23,CBJ,D,7,1,2,3,-3,0.2,13,123,12,19
Anton Blidh,26,BOS,LW,32,2,7,9,-3,0.4,28,343,17,82
Teddy Blueger,27,PIT,C,65,9,19,28,12,2.3,93,976,32,87
Brock Boeser,24,VAN,RW,71,23,23,46,-5,4.4,195,1321,26,35
Zach Bogosian,31,TBL,D,48,3,5,8,2,1.8,60,737,34,114
Matt Boldy,20,MIN,LW,47,15,24,39,17,4.3,113,723,24,23
Nick Bonino,33,SJS,C,80,16,10,26,-25,1.4,137,1336,102,34
Adam Boqvist,21,CBJ,D,52,11,11,22,-11,2.9,64,886,47,26
Jesper Boqvist,23,NJD,C,56,10,13,23,-9,1.7,74,735,16,31
Thomas Bordeleau,20,SJS,C,8,0,5,5,-1,0.3,13,125,4,3
William Borgen,25,SEA,D,36,2,6,8,1,1.6,49,550,33,89
Henrik Borgström,24,CHI,C,52,4,3,7,-14,-0.2,41,547,19,26
Mark Borowiecki,32,NSH,D,57,0,4,4,-9,0.3,45,747,79,196
Robert Bortuzzo,32,STL,D,73,1,5,6,-4,0.8,47,1003,98,135
Evan Bouchard,22,EDM,D,81,12,31,43,10,7,205,1604,112,80
Madison Bowey,26,VAN,D,2,0,0,0,-3,-0.2,0,31,2,4
Travis Boyd,28,ARI,C,74,17,18,35,-10,2.7,88,1222,55,71
Brian Boyle,37,PIT,C,66,11,10,21,6,2.1,87,712,39,95
Tyler Bozak,35,STL,C,50,3,9,12,-11,-0.1,46,609,21,20
Erik Brannstrom,22,OTT,D,53,0,14,14,-17,1.4,86,1048,59,39
Derick Brassard,34,TOT,C,46,8,11,19,4,1.9,62,594,6,82
Jesper Bratt,23,NJD,W,76,26,47,73,0,7.4,197,1325,30,26
Justin Braun,34,TOT,D,69,6,12,18,2,3.9,73,1349,121,87
Bobby Brink,20,PHI,RW,10,0,4,4,-5,0,18,154,2,15
Guillaume Brisebois,24,VAN,D,1,0,0,0,-1,-0.1,0,4,1,0
Philip Broberg,20,EDM,D,23,1,2,3,-8,0,29,310,10,10
T.J. Brodie,31,TOR,D,82,4,24,28,20,5.2,68,1748,106,53
Jonas Brodin,28,MIN,D,73,5,25,30,9,4,126,1711,126,42
Jonny Brodzinski,28,NYR,C,22,1,1,2,1,0,34,239,8,8
Adam Brooks,25,TOT,C,25,2,1,3,2,0.2,14,224,6,11
Connor Brown,28,OTT,RW,64,10,29,39,-15,2.4,121,1284,37,14
Dustin Brown,37,LAK,RW,64,9,19,28,-3,2.1,146,943,20,88
Josh Brown,28,TOT,D,52,0,6,6,-7,1,45,739,62,118
Logan Brown,23,STL,C,39,4,7,11,-3,0.6,34,397,13,22
Patrick Brown,29,PHI,C,44,4,5,9,-16,-0.1,51,547,36,100
Jacob Bryson,24,BUF,D,73,1,9,10,-9,2,43,1338,73,55
Pavel Buchnevich,26,STL,LW,73,30,46,76,29,8.7,199,1336,15,57
Connor Bunnaman,23,PHI,F,15,0,0,0,-7,-0.5,10,150,2,17
Michael Bunting,26,TOR,LW,79,23,40,63,27,6.9,175,1228,21,85
Andre Burakovsky,26,COL,LW,80,22,39,61,12,5.9,149,1301,34,49
Brent Burns,36,SJS,D,82,10,44,54,-15,8.5,203,2144,150,55
Kyle Burroughs,26,VAN,D,42,1,4,5,-3,0.9,39,543,59,122
Will Butcher,27,BUF,D,37,2,6,8,-10,0.9,35,610,32,11
Quinton Byfield,19,LAK,C,40,5,5,10,-7,0.5,39,486,11,20
Bowen Byram,20,COL,D,30,5,12,17,7,2.9,49,564,26,53
Paul Byron,32,MTL,LW,27,4,3,7,-8,0.2,33,340,7,66
Drake Caggiula,27,BUF,LW,18,2,3,5,-4,0.2,23,263,7,17
Kyle Capobianco,24,ARI,D,45,2,7,9,-12,1,40,720,46,43
Michael Carcone,25,ARI,F,21,4,2,6,-8,0.3,36,259,7,31
Brandon Carlo,25,BOS,D,79,6,9,15,2,3.9,125,1557,104,143
John Carlson,32,WSH,D,78,17,54,71,13,11,195,1857,112,73
Gabriel Carlsson,25,CBJ,D,38,2,7,9,6,1.8,18,466,33,27
Lucas Carlsson,24,FLA,D,40,3,6,9,3,1.3,41,508,29,39
Ryan Carpenter,31,TOT,C,67,3,9,12,-11,-0.2,67,843,44,136
Sam Carrick,29,ANA,C,64,11,8,19,-12,1.4,80,734,21,122
Alexandre Carrier,25,NSH,D,77,3,27,30,26,6.4,95,1616,124,95
William Carrier,27,VEG,LW,63,9,11,20,7,1.8,120,732,24,159
Jeff Carter,37,PIT,C,76,19,26,45,-8,3.6,200,1343,50,99
Jackson Cates,24,PHI,C,11,1,0,1,-2,0,8,100,3,4
Noah Cates,22,PHI,LW,16,5,4,9,4,1.2,23,212,6,21
Cole Caufield,21,MTL,RW,67,23,20,43,-24,3.7,188,1118,7,18
Cody Ceci,28,EDM,D,78,5,23,28,8,4.7,102,1630,121,117
Erik Cernak,24,TBL,D,55,1,12,13,7,2.6,86,1053,73,165
Thomas Chabot,25,OTT,D,59,7,31,38,-3,6.1,173,1545,93,73
Mitchell Chaffee,24,MIN,F,2,0,0,0,1,0,1,15,0,7
Zdeno Chara,44,NYI,D,72,2,12,14,8,3.9,81,1349,90,125
Jalen Chatfield,25,CAR,D,16,0,3,3,1,0.6,25,237,10,32
Ben Chiarot,30,TOT,D,74,9,17,26,-14,3.3,143,1691,130,157
Alex Chiasson,31,VAN,RW,67,13,9,22,4,2.3,98,779,18,68
Yegor Chinakhov,20,CBJ,RW,62,7,7,14,-27,-0.3,98,775,16,50
Declan Chisholm,22,WPG,D,2,0,0,0,1,0.1,4,26,1,1
Sasha Chmelevski,22,SJS,C,19,0,8,8,2,0.5,31,251,4,20
Dennis Cholowski,23,TOT,D,11,0,3,3,-3,0.2,11,174,13,5
Jake Christiansen,22,CBJ,D,8,1,0,1,1,0.3,4,78,6,9
Jakob Chychrun,23,ARI,D,47,7,14,21,-20,2.4,141,1081,66,51
Filip Chytil,22,NYR,C,67,8,14,22,-1,1.5,135,883,27,24
Anthony Cirelli,24,TBL,C,76,17,26,43,15,3.9,146,1392,67,75
Casey Cizikas,30,NYI,C,74,10,6,16,-3,1,91,1017,43,138
Fredrik Claesson,29,TBL,D,9,0,0,0,-3,-0.2,4,89,6,12
Kale Clague,23,TOT,D,36,2,8,10,-10,1,26,603,23,14
Kyle Clifford,31,TOT,LW,25,1,3,4,-5,-0.1,29,220,5,50
Connor Clifton,26,BOS,D,60,2,8,10,-2,2.1,80,964,62,156
Cal Clutterbuck,34,NYI,RW,59,6,9,15,-6,0.7,74,828,23,229
Dylan Coghlan,23,VEG,D,59,3,10,13,-5,1.8,108,838,61,62
Andrew Cogliano,34,TOT,LW,74,4,12,16,-18,0,75,938,31,104
Ian Cole,32,CAR,D,75,2,17,19,15,4.4,77,1286,104,110
Blake Coleman,30,CGY,C,81,16,17,33,16,3.2,212,1200,44,163
Ross Colton,25,TBL,C,79,22,17,39,4,4.2,159,1011,36,153
Blake Comeau,35,DAL,RW,6,1,0,1,-1,0.1,2,69,3,13
J.T. Compher,26,COL,LW,70,18,15,33,6,2.9,102,1143,55,31
Max Comtois,23,ANA,LW,52,6,10,16,-17,0.4,72,735,17,111
Kevin Connauton,31,TOT,D,39,1,2,3,-3,0.5,30,510,32,74
Brett Connolly,29,CHI,RW,9,0,1,1,-3,-0.1,6,76,3,7
Kyle Connor,25,WPG,LW,79,47,46,93,-3,10.6,317,1720,23,32
Andrew Copp,27,TOT,C,72,21,32,53,15,5.4,183,1381,41,45
Paul Cotter,22,VEG,C,7,2,0,2,1,0.3,11,62,1,17
Nick Cousins,28,NSH,C,68,9,13,22,-8,1.2,103,848,28,66
Logan Couture,32,SJS,C,77,23,33,56,-11,5.4,199,1458,58,92
Sean Couturier,29,PHI,C,29,6,11,17,-6,1.2,79,591,18,22
Charlie Coyle,29,BOS,C,82,16,28,44,-6,3.4,131,1427,39,84
Dylan Cozens,20,BUF,C,79,13,25,38,-19,2.4,160,1256,22,35
Joseph Cramarossa,29,MIN,C,1,0,1,1,0,0.1,1,7,0,1
Kyle Criscuolo,29,DET,C,6,0,2,2,1,0.1,5,57,1,6
Sidney Crosby,34,PIT,C,69,31,53,84,19,9.4,208,1378,37,50
Lawson Crouse,24,ARI,LW,65,20,14,34,-9,3,131,1133,36,181
Austin Czarnik,29,TOT,C,17,2,5,7,5,0.8,14,185,7,3
Kirby Dach,21,CHI,C,70,9,17,26,-18,0.9,116,1263,44,49
Evgenii Dadonov,32,VEG,RW,78,20,23,43,4,4.2,177,1234,25,65
Jonathan Dahlen,24,SJS,C,61,12,10,22,-25,1.3,105,841,34,16
Rasmus Dahlin,21,BUF,D,80,13,40,53,-22,7.1,170,1921,91,121
Carl Dahlstrom,27,TOR,D,3,0,2,2,2,0.4,4,41,2,1
Michael Dal Colle,25,NYI,LW,1,0,0,0,1,0,2,15,0,0
Zac Dalpe,32,FLA,RW,1,0,0,0,-1,0,0,6,1,2
Riley Damiani,21,DAL,C,7,1,1,2,0,0.2,10,60,0,4
Phillip Danault,28,LAK,C,79,27,24,51,14,6.1,194,1432,49,74
Justin Danforth,28,CBJ,RW,45,10,4,14,-5,1.1,72,566,22,85
Laurent Dauphin,26,MTL,C,38,4,8,12,-10,0.4,50,505,27,31
Jeremy Davies,25,NSH,D,6,0,2,2,-5,-0.1,5,74,1,5
Sean Day,24,TBL,D,2,0,0,0,-2,-0.1,2,21,2,4
Calvin de Haan,30,CHI,D,69,4,4,8,-21,1.4,107,1308,172,146
Chase De Leo,26,NJD,C,2,0,0,0,-1,-0.1,2,16,0,5
Anthony DeAngelo,26,CAR,D,64,10,41,51,30,9.3,151,1268,59,41
Alex DeBrincat,24,CHI,RW,82,41,37,78,-13,8.4,270,1710,35,101
Jake DeBrusk,25,BOS,LW,77,25,17,42,6,4.9,184,1158,25,62
Danny DeKeyser,31,DET,D,59,0,11,11,-8,1.5,57,1092,102,49
Michael Del Zotto,31,OTT,D,26,3,10,13,-4,1.9,35,475,34,42
Ty Dellandrea,21,DAL,C,1,0,0,0,-1,-0.1,1,11,0,3
Dylan DeMelo,28,WPG,D,76,1,12,13,10,3.1,78,1406,108,113
Grigori Denisenko,21,FLA,LW,1,0,0,0,0,0,3,16,2,1
Travis Dermott,25,TOT,D,60,2,5,7,9,2.1,46,920,46,55
Nicolas Deslauriers,30,TOT,LW,81,8,5,13,-11,0.2,90,921,49,263
Connor Dewar,22,MIN,C,35,2,4,6,-4,-0.1,44,346,22,48
Jason Dickinson,26,VAN,C,62,5,6,11,-1,0.2,66,809,43,101
Brenden Dillon,31,WPG,D,79,3,17,20,16,4.5,85,1488,108,212
Cam Dineen,23,ARI,D,34,0,7,7,-16,0.1,52,532,44,22
Noah Dobson,22,NYI,D,80,13,38,51,-3,8.3,190,1717,154,78
Max Domi,26,TOT,LW,72,11,28,39,10,3.6,104,939,9,24
Ryan Donato,25,SEA,C,74,16,15,31,-13,2.6,159,1021,17,70
Joonas Donskoi,29,SEA,RW,75,2,20,22,-10,0.4,89,1113,31,36
Pavel Dorofeyev,21,VEG,LW,2,0,0,0,-1,-0.1,1,13,1,0
Drew Doughty,32,LAK,D,39,7,24,31,4,5.1,99,1004,53,60
Nic Dowd,31,WSH,C,64,10,14,24,10,2.2,90,913,53,139
Justin Dowling,31,VAN,C,22,2,2,4,-3,0.1,17,211,9,10
Leon Draisaitl,26,EDM,C,80,55,55,110,17,13.3,278,1788,25,53
Hunter Drew,23,ANA,D,2,0,0,0,0,0,0,20,0,5
Sheldon Dries,27,VAN,C,11,2,1,3,-3,0.2,17,113,6,9
Jonathan Drouin,26,MTL,LW,34,6,14,20,-9,1.3,62,581,11,27
Jack Drury,21,CAR,C,2,2,0,2,3,0.4,6,32,2,4
Jamie Drysdale,19,ANA,D,81,4,28,32,-26,3.6,137,1610,72,40
Dillon Dube,23,CGY,C,79,18,14,32,1,3.1,143,1014,15,87
Pierre-Luc Dubois,23,WPG,LW,81,28,32,60,-6,5.8,233,1533,43,112
Matt Duchene,31,NSH,C,78,43,43,86,6,10,228,1483,28,31
Anthony Duclair,26,FLA,LW,74,31,27,58,19,6.9,167,1110,16,38
Walker Duehr,24,CGY,F,1,0,0,0,0,0,0,9,0,0
Brandon Duhaime,24,MIN,RW,80,6,11,17,-2,0.4,91,817,18,201
Mathew Dumba,27,MIN,D,57,7,20,27,9,3.9,116,1317,84,114
Brian Dumoulin,30,PIT,D,76,3,15,18,24,5.2,91,1658,139,88
Vince Dunn,25,SEA,D,73,7,28,35,-21,4.1,121,1509,82,76
Sean Durzi,23,LAK,D,64,3,24,27,-9,3.6,119,1254,121,74
Christian Dvorak,25,MTL,C,56,11,22,33,-19,2,87,973,52,32
Ryan Dzingel,29,TOT,C,32,5,3,8,-5,0.4,32,439,9,20
Cody Eakin,30,BUF,C,69,4,8,12,-15,-0.4,74,938,29,33
Jordan Eberle,31,SEA,RW,79,21,23,44,-28,3.2,164,1418,40,48
Alexander Edler,35,LAK,D,41,3,16,19,18,4.3,54,757,70,56
Joel Edmundson,28,MTL,D,24,3,3,6,-1,1.2,32,470,45,61
Nikolaj Ehlers,25,WPG,LW,62,28,27,55,18,6.8,245,1120,27,32
Jack Eichel,25,VEG,C,34,14,11,25,3,2.8,133,659,35,45
Aaron Ekblad,25,FLA,D,61,15,42,57,38,9.5,180,1520,69,62
Mattias Ekholm,31,NSH,D,76,6,25,31,14,6,145,1784,96,79
William Eklund,19,SJS,LW,9,0,4,4,-3,0.1,8,129,4,4
Oliver Ekman-Larsson,30,VAN,D,79,5,24,29,5,5.5,168,1763,79,105
Remi Elie,26,TBL,LW,1,0,0,0,-2,-0.1,2,11,0,3
Lars Eller,32,WSH,C,72,13,18,31,-4,2.2,116,1161,36,95
Ryan Ellis,31,PHI,D,4,1,4,5,2,0.8,6,91,6,1
Turner Elson,29,DET,LW,2,0,0,0,-1,-0.1,1,27,1,3
Pierre Engvall,25,TOR,LW,78,15,20,35,13,3.3,154,1036,12,66
Tyler Ennis,32,OTT,C,57,8,16,24,-6,1.9,89,715,24,70
Mackenzie Entwistle,22,CHI,RW,55,5,7,12,-16,0.2,34,563,22,129
Loui Eriksson,36,ARI,LW,73,3,16,19,-18,-0.1,81,943,23,17
Joel Eriksson Ek,25,MIN,C,77,26,23,49,16,4.8,223,1431,44,138
Adam Erne,26,DET,LW,79,6,13,19,-22,-0.1,108,1057,43,161
Jake Evans,25,MTL,C,72,13,16,29,-5,2.1,124,1123,37,88
Michael Eyssimont,25,WPG,C,1,0,0,0,0,0,1,6,0,0
Robby Fabbri,26,DET,C,56,17,13,30,-23,2.2,123,970,19,86
Dante Fabbro,23,NSH,D,66,3,21,24,13,4.5,88,1257,105,69
Samuel Fagemo,21,LAK,LW,4,0,0,0,-2,-0.2,5,55,3,2
Radek Faksa,28,DAL,C,77,5,14,19,-20,-0.2,89,1214,68,129
Joel Farabee,21,PHI,LW,63,17,17,34,-11,2.9,119,1108,38,73
Hudson Fasching,26,ARI,RW,11,0,0,0,-3,-0.3,3,109,6,16
Jesper Fast,30,CAR,RW,82,14,20,34,24,3.5,97,1214,36,109
Justin Faulk,29,STL,D,76,16,31,47,41,9.8,167,1763,101,149
Martin Fehervary,22,WSH,D,79,8,9,17,15,4.7,96,1553,117,251
Mario Ferraro,23,SJS,D,63,2,12,14,-5,3.5,49,1449,151,140
Kevin Fiala,25,MIN,LW,82,33,52,85,23,9.2,262,1447,21,52
Christian Fischer,24,ARI,RW,53,5,5,10,-15,-0.2,76,695,22,91
Casey Fitzgerald,24,BUF,D,36,0,6,6,-19,-0.1,41,608,35,86
Trey Fix-Wolansky,22,CBJ,RW,6,1,1,2,-1,0.2,5,38,4,7
Cale Fleury,23,SEA,D,9,0,0,0,-3,-0.1,4,131,14,19
Haydn Fleury,25,SEA,D,36,2,2,4,0,1.2,52,586,62,60
Warren Foegele,25,EDM,LW,82,12,14,26,-9,1.5,142,1034,15,127
Steven Fogarty,28,BOS,C,2,0,0,0,-2,-0.1,2,21,0,0
Marcus Foligno,30,MIN,LW,74,23,19,42,25,4.6,98,1214,42,238
Nick Foligno,34,BOS,LW,64,2,11,13,-13,-0.2,99,798,31,164
Callan Foote,23,TBL,D,56,2,7,9,6,2.1,49,735,57,83
Nolan Foote,21,NJD,LW,7,3,1,4,3,0.7,10,73,1,8
Derek Forbort,29,BOS,D,76,4,10,14,2,3.4,64,1376,100,133
Alex Formenton,22,OTT,LW,79,18,14,32,-13,2.7,162,1221,24,101
Filip Forsberg,27,NSH,C,69,42,42,84,12,10.3,226,1249,48,112
Gustav Forsling,25,FLA,D,71,10,27,37,41,7.3,145,1507,86,45
Gabriel Fortier,21,TBL,LW,10,1,0,1,-2,0,14,93,5,24
Liam Foudy,21,CBJ,C,1,0,0,0,-1,-0.1,1,12,0,1
Cam Fowler,30,ANA,D,76,9,33,42,-9,6.6,124,1856,116,37
Adam Fox,23,NYR,D,78,11,63,74,18,11.8,158,1865,128,30
Trent Frederic,23,BOS,C,60,8,10,18,10,1.8,100,699,22,119
Mark Friedman,26,PIT,D,26,1,4,5,1,0.9,27,345,25,27
Martin Frk,28,LAK,RW,6,2,0,2,-4,0.1,15,84,0,11
Jesper Froden,27,BOS,F,7,1,0,1,4,0.2,10,90,5,8
Morgan Frost,22,PHI,C,55,5,11,16,-11,0.5,85,766,29,44
Kurtis Gabriel,28,CHI,RW,2,0,0,0,0,0,0,12,0,7
Jonah Gadjovich,23,SJS,LW,43,1,2,3,-9,-0.4,36,377,14,104
Sam Gagner,32,DET,C,81,13,18,31,-4,2.4,132,1103,25,21
Alex Galchenyuk,27,ARI,C,60,6,15,21,-11,0.9,89,789,24,67
Brendan Gallagher,29,MTL,RW,56,7,17,24,-7,1.4,142,841,29,54
Jakub Galvas,22,CHI,D,6,0,0,0,0,0.1,8,109,9,2
Dylan Gambrell,25,OTT,C,63,3,4,7,2,0,58,765,39,103
Rhett Gardner,25,DAL,C,4,0,0,0,-1,-0.1,0,32,1,5
Conor Garland,25,VAN,RW,77,19,33,52,18,5.6,203,1263,22,52
Adam Gaudette,25,TOT,C,58,5,9,14,-9,0.6,94,657,10,72
Frederick Gaudreau,28,MIN,C,76,14,30,44,12,3.4,132,1240,43,48
Johnny Gaudreau,28,CGY,LW,82,40,75,115,64,14.7,262,1523,9,10
Brendan Gaunce,27,CBJ,C,30,5,2,7,2,0.8,44,243,9,42
Frederik Gauthier,26,NJD,C,8,0,0,0,-1,-0.2,4,89,3,16
Julien Gauthier,24,NYR,RW,49,3,4,7,-9,-0.1,69,505,14,98
Vladislav Gavrikov,26,CBJ,D,80,5,28,33,-3,4.6,108,1783,138,124
Glenn Gawdin,24,CGY,C,2,0,0,0,0,0,3,18,1,1
Morgan Geekie,23,SEA,C,73,7,15,22,-16,0.9,97,920,23,55
Mason Geertsen,26,NJD,D,25,0,0,0,-6,-0.3,12,174,7,58
Timothy Gettinger,23,NYR,LW,8,0,0,0,0,-0.1,3,76,5,15
Ryan Getzlaf,36,ANA,C,56,3,34,37,-14,1.8,104,1062,56,89
Mark Giordano,38,TOT,D,75,8,27,35,-9,4.9,151,1566,139,75
Samuel Girard,23,COL,D,67,5,23,28,-4,3.5,79,1450,90,65
Zemgus Girgensons,28,BUF,C,56,10,8,18,-7,1.3,92,828,25,81
Claude Giroux,34,TOT,C,75,21,44,65,-5,5.9,205,1430,16,68
Cody Glass,22,NSH,C,8,0,1,1,0,-0.1,9,91,4,13
Luke Glendening,32,DAL,C,82,9,7,16,-17,0.1,116,1157,59,179
Alex Goligoski,36,MIN,D,72,2,28,30,41,6.1,80,1363,96,56
Barclay Goodrow,28,NYR,RW,79,13,20,33,13,2.9,116,1320,54,130
Shayne Gostisbehere,28,ARI,D,82,14,37,51,-23,6.6,151,1820,115,60
Yanni Gourde,30,SEA,C,74,21,27,48,-13,4.2,127,1368,31,77
Mikael Granlund,29,NSH,C,80,11,53,64,-9,4.1,117,1633,45,92
Derek Grant,31,ANA,C,71,15,14,29,-16,2.2,117,1016,49,69
Ryan Graves,26,NJD,D,75,6,22,28,-9,4.1,111,1554,135,90
Anthony Greco,28,NYR,RW,1,0,0,0,0,0,5,10,1,1
Andy Greene,39,NYI,D,69,2,8,10,-13,1.8,52,1201,126,39
Jordan Greenway,24,MIN,LW,62,10,17,27,26,2.6,110,903,31,155
A.J. Greer,25,NJD,LW,9,1,1,2,0,0.2,14,71,3,20
Noah Gregor,23,SJS,C,63,8,15,23,-21,1,156,941,49,118
Seth Griffith,29,EDM,C,1,0,0,0,1,0,0,6,0,1
Rocco Grimaldi,28,NSH,C,7,0,0,0,0,-0.1,8,77,0,5
Jordan Gross,26,COL,D,1,0,0,0,0,0,0,8,0,1
Benoit-Olivier Groulx,21,ANA,C,18,1,2,3,0,0.1,17,198,6,19
Carl Grundstrom,24,LAK,RW,54,9,6,15,4,1.6,83,588,19,134
Matt Grzelcyk,28,BOS,D,73,4,20,24,22,5.8,118,1367,83,40
Radko Gudas,31,FLA,D,77,3,13,16,27,3.6,100,1387,118,355
Erik Gudbranson,30,CGY,D,78,6,11,17,15,4.2,129,1415,92,145
Jake Guentzel,27,PIT,C,76,40,44,84,13,9.7,264,1527,38,72
Brendan Guhle,24,ANA,D,6,0,0,0,0,0.1,6,88,4,11
Denis Gurianov,24,DAL,RW,73,11,20,31,2,2.6,144,1036,32,67
David Gustafsson,21,WPG,C,2,0,0,0,0,0,0,5,0,0
Erik Gustafsson,29,CHI,D,59,3,15,18,-4,3,79,957,55,45
Brandon Hagel,23,TOT,LW,77,25,19,44,-18,4,125,1259,32,63
Carl Hagelin,33,WSH,LW,53,3,11,14,10,0.8,71,755,12,32
Robert Hagg,26,TOT,D,64,1,8,9,-9,1.2,59,1025,102,138
Nicolas Hague,23,VEG,D,52,4,10,14,6,2.9,116,970,80,57
Libor Hajek,23,NYR,D,17,0,1,1,-10,-0.3,12,223,26,7
Jani Hakanpaa,29,DAL,D,80,4,8,12,1,3.5,68,1297,112,248
Jayden Halbgewachs,24,SJS,F,3,0,1,1,1,0.1,7,39,0,3
Taylor Hall,30,BOS,LW,81,20,41,61,11,6.2,217,1329,36,55
Filip Hallander,21,PIT,C,1,0,0,0,0,0,0,6,0,0
Dougie Hamilton,28,NJD,D,62,9,21,30,-19,3.6,197,1316,92,87
Travis Hamonic,31,TOT,D,43,4,6,10,6,2.7,82,810,93,73
Noah Hanifin,25,CGY,D,81,10,38,48,27,8.7,189,1726,84,63
Joel Hanley,30,DAL,D,44,2,4,6,-13,0.6,18,525,43,60
Mike Hardman,22,CHI,RW,21,0,2,2,-6,-0.3,12,195,12,60
Jansen Harkins,24,WPG,C,77,7,6,13,-8,0.4,67,730,18,51
Thomas Harley,20,DAL,D,34,1,3,4,-4,0.9,36,465,30,30
Ben Harpur,27,NSH,D,19,0,1,1,-10,-0.4,13,261,21,36
Scott Harrington,28,CBJ,D,7,0,1,1,-4,-0.1,5,101,9,8
Jordan Harris,21,MTL,D,10,1,0,1,3,0.5,9,163,11,10
Ryan Hartman,27,MIN,RW,82,34,31,65,31,7.6,239,1491,48,72
Rafaël Harvey-Pinard,23,MTL,LW,4,1,0,1,-2,0,6,52,3,12
Santeri Hatakka,21,SJS,D,9,0,2,2,-5,0,3,114,7,5
Garnet Hathaway,30,WSH,RW,76,14,12,26,19,2.9,124,1018,62,250
Erik Haula,30,BOS,LW,78,18,26,44,19,4.9,141,1177,36,129
John Hayden,26,BUF,C,55,2,2,4,-12,-0.7,65,597,24,104
Kevin Hayes,29,PHI,RW,48,10,21,31,-20,2,126,860,12,36
Zack Hayes,22,VEG,D,3,0,0,0,-2,-0.1,1,33,1,12
Barrett Hayton,21,ARI,C,60,10,14,24,-8,1.4,82,967,33,84
Dillon Heatherington,26,OTT,D,9,0,0,0,-1,0.1,4,111,2,18
Victor Hedman,31,TBL,D,82,20,65,85,26,13.6,219,2056,129,93
Danton Heinen,26,PIT,C,76,18,15,33,6,3.5,138,966,33,66
Ville Heinola,20,WPG,D,12,0,5,5,-2,0.5,25,179,7,9
Miro Heiskanen,22,DAL,D,70,5,31,36,3,6.6,156,1742,92,52
Darren Helm,35,COL,C,68,7,8,15,-5,0.6,93,717,27,114
Adam Henrique,31,ANA,C,58,19,23,42,-2,4.4,141,1010,47,22
Aleksi Heponiemi,23,FLA,C,6,0,1,1,-6,-0.3,7,84,1,0
Tomas Hertl,28,SJS,C,82,30,34,64,-9,6.6,205,1635,57,105
Thomas Hickey,32,NYI,D,2,0,0,0,-3,-0.2,0,39,3,2
Matthew Highmore,25,VAN,LW,46,5,7,12,1,0.8,61,584,38,41
Cameron Hillis,21,MTL,C,1,0,0,0,0,0,2,10,0,0
Vinnie Hinostroza,27,BUF,C,62,13,12,25,-11,2.1,92,860,13,25
Roope Hintz,25,DAL,LW,80,37,35,72,15,8.9,213,1443,53,82
Taro Hirose,25,DET,LW,15,1,3,4,-5,0,10,160,2,9
Nico Hischier,23,NJD,C,70,21,39,60,-1,5.6,153,1354,48,50
Hayden Hodgson,25,PHI,RW,6,1,2,3,-1,0.2,10,79,2,12
Mike Hoffman,32,MTL,C,67,15,20,35,-24,2.2,154,1142,29,27
Gregory Hofmann,29,CBJ,C,24,2,5,7,6,0.6,33,300,10,23
Linus Hogberg,23,PHI,D,5,0,2,2,0,0.3,3,85,8,0
Nils Hoglander,21,VAN,LW,60,10,8,18,-6,1.3,132,785,16,41
Nick Holden,34,OTT,D,76,5,14,19,0,4.2,75,1509,112,115
Justin Holl,30,TOR,D,69,3,20,23,14,4.1,64,1394,104,129
Alexander Holtz,20,NJD,RW,9,0,2,2,-5,-0.2,12,110,2,5
Patric Hornqvist,35,FLA,RW,65,11,17,28,-5,1.8,165,824,23,112
Bo Horvat,26,VAN,C,70,31,21,52,3,6,194,1366,45,96
Brett Howden,23,VEG,C,47,9,11,20,9,2.3,39,501,36,62
Filip Hronek,24,DET,D,78,5,33,38,-29,3.7,133,1718,81,70
Jonathan Huberdeau,28,FLA,LW,80,30,85,115,35,11.9,222,1554,28,99
Jack Hughes,20,NJD,C,49,26,30,56,-16,5.8,165,959,15,6
Quinn Hughes,22,VAN,D,76,8,60,68,10,10.1,150,1919,56,19
Brad Hunt,33,VAN,D,50,3,14,17,-3,2.5,67,763,48,22
Dryden Hunt,26,NYR,LW,76,6,11,17,-10,0.4,94,934,17,153
Ben Hutton,28,VEG,D,58,3,10,13,7,2.7,78,897,72,49
Grant Hutton,26,NYI,D,16,1,0,1,-1,0.4,22,227,12,15
Zach Hyman,29,EDM,C,76,27,27,54,-9,4.8,213,1479,31,74
Alex Iafallo,28,LAK,C,79,17,20,37,4,3.3,215,1462,53,48
Bokondji Imama,25,ARI,LW,4,1,0,1,-2,0.1,3,18,0,10
Matt Irwin,34,WSH,D,17,1,3,4,0,0.7,29,215,21,36
Mark Jankowski,27,BUF,C,19,2,3,5,2,0.4,14,259,8,5
Mattias Janmark,29,VEG,C,67,9,16,25,3,1.8,89,961,28,19
Calle Jarnkrok,30,TOT,C,66,12,18,30,-14,1.9,101,1058,17,38
Christian Jaros,25,NJD,D,11,0,0,0,-4,-0.2,9,121,10,21
Seth Jarvis,19,CAR,C,68,17,23,40,11,4.3,110,944,21,69
Dmitrij Jaskin,28,ARI,RW,12,0,1,1,-6,-0.4,23,177,9,47
Tanner Jeannot,24,NSH,F,81,24,17,41,2,4.1,124,1295,64,318
Jan Jenik,21,ARI,RW,13,2,1,3,-6,0,22,139,4,25
Boone Jenner,28,CBJ,C,59,23,21,44,-11,3.9,160,1207,56,80
Nick Jensen,31,WSH,D,76,5,16,21,32,6,88,1470,92,135
Lucas Johansen,24,WSH,D,1,0,1,1,1,0.2,0,12,0,0
Ryan Johansen,29,NSH,C,79,26,37,63,-2,6.2,118,1309,35,72
Marcus Johansson,31,TOT,C,69,9,20,29,-26,1.1,111,1113,26,31
Erik Johnson,33,COL,D,77,8,17,25,22,5.3,139,1330,136,165
Jack Johnson,35,COL,D,74,1,8,9,5,1.9,57,1239,68,91
Kent Johnson,19,CBJ,C,9,0,3,3,2,0.2,5,112,1,4
Reese Johnson,23,CHI,F,37,1,5,6,-13,-0.4,24,393,14,141
Tyler Johnson,31,CHI,C,26,3,4,7,-8,0.2,30,337,7,37
Andreas Johnsson,27,NJD,LW,71,13,22,35,4,3.1,114,1020,22,64
Ross Johnston,27,NYI,LW,32,2,5,7,-3,0.3,9,329,16,90
Henri Jokiharju,22,BUF,D,60,3,16,19,-8,3.1,83,1313,60,73
Ben Jones,22,VEG,F,2,0,0,0,0,0,1,16,1,4
Caleb Jones,24,CHI,D,51,5,10,15,-3,2.9,57,853,58,77
Max Jones,23,ANA,LW,2,0,0,0,-1,-0.1,2,20,0,2
Seth Jones,27,CHI,D,78,5,46,51,-37,5.4,194,2045,155,99
Zachary Jones,21,NYR,D,12,0,2,2,-7,-0.1,8,182,13,4
Axel Jonsson Fjällby,23,WSH,LW,23,2,2,4,0,0.2,29,257,8,18
Mathieu Joseph,24,TOT,RW,69,12,18,30,12,2.8,86,980,27,106
Pierre-Olivier Joseph,22,PIT,D,4,0,0,0,-2,-0.1,7,73,4,6
Dakota Joshua,25,STL,C,30,3,5,8,6,0.8,31,255,10,77
Roman Josi,31,NSH,D,80,23,73,96,13,13.9,281,2044,133,66
Tyson Jost,23,TOT,C,80,8,12,20,2,0.7,97,1026,37,55
Olli Juolevi,23,TOT,D,18,0,0,0,-1,0,18,230,10,14
Noah Juulsen,24,VAN,D,8,0,2,2,-4,0,6,117,11,20
Nazem Kadri,31,COL,C,71,28,59,87,13,8.9,247,1366,19,52
Kaapo Kakko,20,NYR,RW,43,7,11,18,9,1.7,62,664,15,8
Arthur Kaliyev,20,LAK,RW,80,14,13,27,-3,2.4,194,1012,12,31
Wyatt Kalynuk,24,CHI,D,5,0,0,0,-3,-0.1,1,60,0,9
David Kampf,27,TOR,C,82,11,15,26,12,1.6,102,1252,26,80
Evander Kane,30,EDM,LW,43,22,17,39,25,5.3,152,836,11,135
Patrick Kane,33,CHI,RW,78,26,66,92,-19,8.1,287,1702,26,11
Kasperi Kapanen,25,PIT,RW,79,11,21,32,2,2.3,129,1148,19,110
Kirill Kaprizov,24,MIN,LW,81,47,61,108,27,12.8,289,1548,29,73
Erik Karlsson,31,SJS,D,50,10,25,35,-14,5.2,117,1174,45,18
William Karlsson,29,VEG,C,67,12,23,35,3,2.6,135,1225,42,42
Fredrik Karlstrom,24,DAL,C,3,0,1,1,2,0.1,1,19,0,0
Ondrej Kase,26,TOR,RW,50,14,13,27,4,2.8,119,699,32,29
Zack Kassian,31,EDM,RW,58,6,13,19,2,1.3,58,684,6,154
Mark Kastelic,22,OTT,C,16,2,2,4,-1,0.3,11,147,10,51
Boris Katchouk,23,TOT,LW,59,3,4,7,-7,-0.3,58,585,20,138
Martin Kaut,22,COL,RW,6,0,0,0,2,0,1,53,3,6
Joey Keane,22,CAR,D,1,0,0,0,0,0,1,14,0,1
Duncan Keith,38,EDM,D,64,1,20,21,15,4,79,1263,114,22
Clayton Keller,23,ARI,C,67,28,35,63,3,6.7,177,1349,31,17
Parker Kelly,22,OTT,F,41,7,5,12,-4,1.1,48,434,30,131
Adrian Kempe,25,LAK,LW,78,35,19,54,-2,6.5,247,1450,28,111
Michal Kempny,31,WSH,D,15,1,1,2,-3,0.3,10,238,19,22
Alexander Kerfoot,27,TOR,C,82,13,38,51,19,4.5,117,1248,65,75
Tanner Kero,29,DAL,RW,23,0,3,3,-5,-0.2,14,220,9,12
Phil Kessel,34,ARI,RW,82,8,44,52,-24,2.7,175,1368,21,6
Jujhar Khaira,27,CHI,LW,27,3,0,3,-4,-0.1,32,367,14,88
Matt Kiersted,23,FLA,D,10,1,1,2,-8,-0.3,11,140,17,10
Alex Killorn,32,TBL,C,82,25,34,59,1,5.4,164,1533,26,88
Bryce Kindopp,22,ANA,F,1,0,0,0,0,0,2,6,0,0
Joel Kiviranta,25,DAL,F,56,1,6,7,-6,-0.2,59,533,23,97
John Klingberg,29,DAL,D,74,6,41,47,-28,5.4,139,1643,77,57
Artemi Kniazev,21,SJS,D,1,0,0,0,-2,-0.1,2,12,0,1
Slater Koekkoek,27,EDM,D,19,0,4,4,2,0.7,11,212,18,21
Otto Koivula,23,NYI,LW,8,0,2,2,-2,0,8,86,4,8
Keegan Kolesar,24,VEG,RW,77,7,17,24,-6,1.1,94,974,46,246
Vladislav Kolyachonok,20,ARI,D,32,1,2,3,0,0.9,24,507,36,39
Leo Komarov,35,NYI,C,1,0,0,0,0,0,0,11,0,3
Travis Konecny,24,PHI,C,79,16,36,52,-23,3.8,220,1391,34,80
Anze Kopitar,34,LAK,C,81,19,48,67,-6,5.7,210,1682,71,72
Kaedan Korczak,21,VEG,D,1,0,0,0,1,0.1,0,17,1,0
Klim Kostin,22,STL,C,40,4,5,9,-3,0.5,31,361,9,90
Jesperi Kotkaniemi,21,CAR,C,66,12,17,29,3,2.7,81,794,15,74
Johnathan Kovacevic,24,WPG,D,4,0,0,0,1,0.1,7,43,3,0
Peyton Krebs,21,TOT,C,57,7,15,22,-26,0.6,56,831,8,25
Chris Kreider,30,NYR,LW,81,52,25,77,19,10.8,258,1517,39,141
Torey Krug,30,STL,D,64,9,34,43,23,7.2,119,1316,70,53
Dominik Kubalík,26,CHI,LW,78,15,17,32,-16,2.3,161,1133,28,93
Nikita Kucherov,28,TBL,RW,47,25,44,69,1,7.4,156,939,7,32
Karson Kuhlman,26,TOT,C,44,3,7,10,-2,0.4,68,524,20,71
Dean Kukan,28,CBJ,D,41,3,8,11,-2,1.6,41,668,39,43
Brett Kulak,28,TOT,D,74,5,16,21,-4,3.2,92,1314,63,103
Dmitry Kulikov,31,MIN,D,80,7,17,24,23,4.7,74,1456,103,100
Luke Kunin,24,NSH,C,82,13,9,22,-11,1,125,1134,51,223
Janne Kuokkanen,23,NJD,C,57,6,11,17,-10,0.6,64,769,22,33
Rasmus Kupari,21,LAK,C,57,5,8,13,-5,0.6,51,673,17,68
Sean Kuraly,29,CBJ,C,77,14,16,30,2,2.2,121,1221,51,240
Philipp Kurashev,22,CHI,C,67,6,15,21,-16,0.8,86,861,30,31
Evgeny Kuznetsov,29,WSH,C,79,24,54,78,7,7.6,208,1602,25,42
Oliver Kylington,24,CGY,D,73,9,22,31,34,7.2,138,1326,79,40
Jordan Kyrou,23,STL,C,74,27,48,75,10,7.8,188,1227,23,6
Kevin Labanc,26,SJS,RW,21,3,3,6,-4,0.4,36,279,9,28
Tanner Laczynski,24,PHI,C,1,0,0,0,-1,-0.1,0,9,1,3
Andrew Ladd,36,ARI,LW,51,7,5,12,-20,-0.1,57,720,33,68
Paul Ladue,29,NYI,D,1,0,0,0,-2,-0.1,1,13,1,2
Sam Lafferty,26,TOT,C,56,5,8,13,-16,0,80,760,26,137
Alexis Lafreniere,20,NYR,LW,79,19,12,31,2,3.2,110,1105,26,108
William Lagesson,25,TOT,D,33,0,5,5,3,1,33,415,20,40
Patrik Laine,23,CBJ,RW,56,26,30,56,-7,5.8,167,1054,13,34
Maxime Lajoie,24,CAR,D,5,0,0,0,2,0.2,6,63,5,3
Juho Lammikko,26,VAN,RW,75,7,8,15,-6,0.4,67,921,46,93
Gabriel Landeskog,29,COL,LW,51,30,29,59,27,7.5,150,1036,34,94
Hendrix Lapierre,19,WSH,C,6,1,0,1,2,0.2,7,58,2,1
Dylan Larkin,25,DET,C,71,31,38,69,-18,6.8,212,1396,28,76
Adam Larsson,29,SEA,D,82,8,17,25,-23,3.5,119,1827,140,183
Jacob Larsson,24,ANA,D,6,0,1,1,-3,0,5,92,5,1
Johan Larsson,29,TOT,LW,43,7,14,21,-4,1.4,44,684,25,70
Scott Laughton,27,PHI,C,67,11,19,30,-9,2.1,110,1100,47,151
Jeremy Lauzon,24,TOT,D,66,2,5,7,-6,1.6,75,1166,63,224
Curtis Lazar,26,BOS,C,70,8,8,16,-2,1,95,840,51,186
Brett Leason,22,WSH,RW,36,3,3,6,1,0.4,45,322,14,16
Nick Leddy,30,TOT,D,75,3,21,24,-30,1.7,71,1606,67,37
Anders Lee,31,NYI,LW,76,28,18,46,-11,5.1,159,1264,30,94
Artturi Lehkonen,26,TOT,LW,74,19,19,38,1,3.7,155,1117,39,82
Josh Leivo,28,CAR,LW,7,1,2,3,1,0.3,10,65,1,4
Brendan Lemieux,25,LAK,LW,50,8,5,13,1,1.3,65,537,17,122
John Leonard,23,SJS,LW,14,1,1,2,-5,-0.1,25,158,8,13
Jake Leschyshyn,22,VEG,C,41,2,4,6,-2,-0.1,35,463,23,45
Kris Letang,34,PIT,D,78,10,58,68,20,10.6,214,2011,122,171
Vinni Lettieri,26,ANA,C,31,5,5,10,-8,0.6,50,388,17,40
Tyler Lewington,27,BOS,D,2,0,0,0,-1,0,2,25,2,1
Trevor Lewis,35,CGY,C,80,6,10,16,-1,0.3,108,1027,40,176
Timothy Liljegren,22,TOR,D,61,5,18,23,15,4.2,79,1000,60,87
Kole Lind,23,SEA,RW,23,2,6,8,-1,0.5,31,272,10,18
Oskar Lindblom,25,PHI,LW,79,12,14,26,-11,1.7,127,1090,48,83
Petteri Lindbohm,28,FLA,D,9,0,1,1,0,0.1,9,127,8,25
Esa Lindell,27,DAL,D,76,4,21,25,4,5.5,136,1675,148,111
Ryan Lindgren,23,NYR,D,78,4,11,15,18,5.1,73,1568,141,129
Elias Lindholm,27,CGY,C,82,42,40,82,61,11.4,235,1635,52,66
Hampus Lindholm,28,TOT,D,71,5,22,27,10,5.8,142,1598,92,70
Gustav Lindstrom,23,DET,D,63,1,12,13,-12,1.5,41,1015,77,59
Blake Lizotte,24,LAK,C,70,10,14,24,15,2.6,91,851,12,74
Jon Lizotte,27,MIN,D,1,0,0,0,0,0,1,15,4,3
William Lockwood,23,VAN,RW,13,0,0,0,-3,-0.3,13,147,9,49
Viktor Lodin,22,OTT,C,1,0,0,0,0,0,3,10,0,0
Ryan Lomberg,27,FLA,LW,55,9,9,18,4,1.4,91,627,7,117
Steven Lorentz,25,CAR,C,67,8,5,13,0,0.8,80,730,13,67
Adam Lowry,28,WPG,LW,79,13,8,21,1,1.3,115,1223,43,231
Milan Lucic,33,CGY,LW,82,10,11,21,-9,0.9,95,1005,22,209
Matt Luff,24,NSH,RW,23,3,3,6,3,0.6,26,216,4,29
Anton Lundell,20,FLA,C,65,18,26,44,33,5,125,1023,56,26
Isac Lundestrom,22,ANA,C,80,16,13,29,-3,2.4,83,1239,55,38
Nils Lundkvist,21,NYR,D,25,1,3,4,4,1.2,32,348,15,15
Eetu Luostarinen,23,FLA,C,78,9,17,26,1,1.2,84,1048,46,103
Ilya Lyubushkin,27,TOT,D,77,2,13,15,-2,2.6,54,1344,92,187
Olli Maatta,27,LAK,D,66,1,7,8,17,3.4,61,1207,94,67
Matias Maccelli,21,ARI,LW,23,1,5,6,-10,-0.2,21,327,8,12
Kurtis MacDermid,27,COL,D,58,2,3,5,1,0.9,46,429,22,105
Jacob MacDonald,28,COL,D,8,0,0,0,-1,0,17,81,3,9
Mackenzie MacEachern,27,STL,LW,14,0,2,2,-1,-0.1,14,112,1,19
Zack MacEwen,25,PHI,C,75,3,6,9,-15,-0.5,82,725,32,159
Ryan MacInnis,25,BUF,C,1,0,0,0,0,0,2,10,0,0
Connor Mackey,25,CGY,D,3,0,1,1,-1,0,4,41,1,4
Nathan MacKinnon,26,COL,C,65,32,56,88,22,9.7,299,1369,39,68
Josh Mahura,23,ANA,D,38,3,4,7,-14,0.6,36,534,51,63
Cale Makar,23,COL,D,77,28,58,86,48,15.3,240,1976,110,95
Beck Malenstyn,23,WSH,LW,12,1,0,1,2,0.1,10,109,7,34
Evgeni Malkin,35,PIT,C,41,20,22,42,-10,4.3,129,752,18,21
Brad Malone,32,EDM,C,8,1,1,2,-2,0.1,7,66,1,22
Jeff Malott,25,WPG,F,1,0,0,0,0,0,0,4,0,3
Mikhail Maltsev,23,COL,LW,18,0,0,0,-5,-0.5,23,145,2,31
Maxim Mamin,27,FLA,C,40,7,7,14,8,1.3,49,476,17,59
Andrew Mangiapane,25,CGY,LW,82,35,20,55,20,7.2,185,1290,32,73
Josh Manson,30,TOT,D,67,6,10,16,-11,2.6,92,1272,70,179
Anthony Mantha,27,WSH,RW,37,9,14,23,4,2.3,82,561,18,46
Brad Marchand,33,BOS,LW,70,32,48,80,16,9.3,242,1347,20,78
Jonathan Marchessault,31,VEG,C,76,30,36,66,3,7.2,251,1335,17,61
Mason Marchment,26,FLA,F,54,18,29,47,29,5.7,121,762,9,114
John Marino,24,PIT,D,81,1,24,25,1,4,90,1672,88,73
Mitch Marner,24,TOR,RW,72,35,62,97,23,10.7,224,1504,31,75
Cooper Marody,25,EDM,C,1,0,1,1,0,0.1,1,6,0,0
Pat Maroon,33,TBL,LW,81,11,16,27,20,2.6,102,1004,11,160
Matt Martin,32,NYI,LW,71,3,4,7,-2,-0.2,66,812,26,235
Alec Martinez,34,VEG,D,26,3,5,8,6,1.9,32,508,68,26
Jordan Martinook,29,CAR,LW,59,6,9,15,1,1,77,661,11,83
Mike Matheson,27,PIT,D,74,11,20,31,12,6.1,140,1391,81,97
Stefan Matteau,27,COL,LW,1,0,0,0,0,0,0,4,0,0
Auston Matthews,24,TOR,C,73,60,46,106,20,13.8,348,1504,62,67
Scott Mayfield,29,NYI,D,61,3,15,18,-5,3.3,80,1206,109,77
Gerald Mayhew,29,TOT,F,40,11,1,12,-6,1.2,53,527,26,58
Dysin Mayo,25,ARI,D,67,4,8,12,-22,1.5,76,1401,133,129
Charlie McAvoy,24,BOS,D,78,10,46,56,31,10.8,166,1922,130,155
Jack McBain,22,ARI,C,10,2,1,3,-6,0,13,142,9,33
Jake McCabe,28,CHI,D,75,4,18,22,-27,2.6,80,1523,167,166
Jared McCann,25,SEA,C,74,27,23,50,-26,4.8,199,1194,29,65
Michael McCarron,26,NSH,RW,51,7,7,14,10,1.5,51,530,31,116
Ben McCartney,20,ARI,F,2,0,0,0,0,0,2,28,0,7
Max McCormick,29,SEA,LW,10,0,0,0,1,-0.1,8,81,3,11
Connor McDavid,25,EDM,C,80,44,79,123,28,14,314,1765,26,75
Ryan McDonagh,32,TBL,D,71,4,22,26,15,5.2,85,1594,137,96
Brock McGinn,27,PIT,LW,64,12,10,22,0,1.6,99,960,50,94
Greg McKegg,29,NYR,C,43,2,3,5,-11,-0.4,25,467,22,50
Marc McLaughlin,22,BOS,F,11,3,0,3,-1,0.4,12,115,2,15
Michael McLeod,23,NJD,C,77,6,14,20,-13,0.4,78,1026,34,145
Ryan McLeod,22,EDM,C,71,9,12,21,-2,1.2,82,906,25,28
Connor McMichael,21,WSH,C,68,9,9,18,-3,1.3,105,712,22,46
Brayden McNabb,31,VEG,D,69,3,15,18,10,3.8,85,1359,179,154
Mason Mctavish,19,ANA,C,9,2,1,3,3,0.4,12,118,6,8
Jaycob Megna,29,SJS,D,44,2,6,8,-1,2.2,40,841,92,71
Jayson Megna,31,COL,C,20,0,3,3,-2,-0.2,19,206,9,27
Timo Meier,25,SJS,RW,77,35,41,76,-3,8.7,326,1475,61,162
Nicolas Meloche,24,SJS,D,50,2,5,7,-17,1,36,844,54,158
Dawson Mercer,20,NJD,C,82,17,25,42,-25,2.6,154,1356,35,26
Nicholas Merkley,24,SJS,RW,9,1,2,3,-2,0.2,7,112,2,9
Ryan Merkley,21,SJS,D,39,1,5,6,-10,0.9,36,600,22,12
Dakota Mermis,28,MIN,D,2,0,0,0,2,0.1,1,28,1,3
Jonathon Merrill,29,MIN,D,69,4,16,20,15,3.4,59,1181,112,46
Victor Mete,23,OTT,D,37,0,7,7,-19,0,27,541,38,13
Carson Meyer,24,CBJ,RW,13,1,2,3,0,0.2,13,107,2,27
Ben Meyers,23,COL,F,5,1,0,1,-2,0,8,50,1,1
Jacob Middleton,26,TOT,D,66,4,10,14,10,3.8,73,1233,124,118
Ilya Mikheyev,27,TOR,F,53,21,11,32,16,4.2,147,809,18,52
Niko Mikkola,25,STL,D,54,3,10,13,-6,1.5,58,917,81,109
Sonny Milano,25,ANA,LW,66,14,20,34,-9,2.9,94,1008,15,27
Colin Miller,29,BUF,D,38,2,12,14,-2,2.2,48,721,42,50
J.T. Miller,28,VAN,C,80,32,67,99,15,10.6,206,1686,56,172
K'Andre Miller,22,NYR,D,82,7,13,20,23,6.4,102,1690,95,151
Daniil Miromanov,24,VEG,D,11,0,1,1,0,0.2,15,108,6,5
Ian Mitchell,23,CHI,D,8,0,1,1,-3,0,2,95,9,2
Casey Mittelstadt,23,BUF,C,40,6,13,19,-14,1,79,645,12,19
Sean Monahan,27,CGY,C,65,8,15,23,-15,0.8,111,914,24,59
Brandon Montour,27,FLA,D,81,11,26,37,15,5.5,153,1450,65,64
John Moore,31,BOS,D,7,0,1,1,2,0.4,7,123,11,9
Trevor Moore,26,LAK,LW,81,17,31,48,20,5.2,202,1271,32,69
Josh Morrissey,26,WPG,D,79,12,25,37,-3,5.9,173,1869,104,150
Janis Moser,21,ARI,D,43,4,11,15,-10,2,40,804,55,32
Tyler Motte,26,TOT,C,58,7,8,15,2,0.9,101,813,58,117
Jacob Moverare,23,LAK,D,19,0,2,2,3,0.7,15,310,21,16
Connor Murphy,28,CHI,D,57,4,6,10,-14,2,71,1240,150,130
Brett Murray,23,BUF,LW,19,2,4,6,-3,0.3,14,247,2,17
Ryan Murray,28,COL,D,37,0,4,4,-3,0.4,26,521,41,32
Jake Muzzin,32,TOR,D,47,3,11,14,-6,1.6,75,974,60,105
Philippe Myers,25,NSH,D,27,1,3,4,5,1.2,28,402,17,50
Tyler Myers,31,VAN,D,82,1,17,18,15,4.8,128,1802,148,145
Vladislav Namestnikov,29,TOT,C,75,16,14,30,2,2.8,91,1099,39,62
Riley Nash,32,TOT,C,49,0,4,4,-5,-0.7,36,560,17,46
James Neal,34,STL,LW,19,2,2,4,-1,0.1,31,227,3,17
Martin Necas,23,CAR,C,78,14,26,40,5,3.3,159,1263,19,55
Jake Neighbours,19,STL,LW,9,1,1,2,-2,0.1,8,84,1,10
Brock Nelson,30,NYI,C,72,37,22,59,-5,7.5,171,1273,43,31
Patrik Nemeth,29,NYR,D,63,2,5,7,-9,1.5,52,1048,102,115
Alex Newhook,21,COL,C,71,13,20,33,11,3,113,963,36,40
Valeri Nichushkin,26,COL,RW,62,25,27,52,21,5.9,180,1180,27,89
Nino Niederreiter,29,CAR,RW,75,24,20,44,29,5.7,144,1113,17,119
Markus Niemeläinen,23,EDM,D,20,0,1,1,-5,-0.1,12,264,19,82
Matthew Nieto,29,SJS,LW,70,6,11,17,-20,0.2,82,1008,47,96
Sami Niku,25,MTL,D,13,0,6,6,3,1,14,199,17,6
Stefan Noesen,28,CAR,RW,2,0,0,0,1,0,4,29,0,5
Mattias Norlinder,21,MTL,D,6,0,1,1,2,0.3,2,74,3,4
Joshua Norris,22,OTT,C,66,35,20,55,-7,6.8,172,1226,44,79
Tomas Nosek,29,BOS,C,75,3,14,17,-9,0.1,84,1001,34,85
Thomas Novak,24,NSH,C,27,1,6,7,-4,0.1,25,318,6,4
Ryan Nugent-Hopkins,28,EDM,C,63,11,39,50,3,3.8,154,1217,34,42
Darnell Nurse,26,EDM,D,71,9,26,35,18,6.6,203,1778,132,196
Markus Nutivaara,27,FLA,D,1,0,1,1,0,0.1,0,7,0,1
William Nylander,25,TOR,C,81,34,46,80,-9,7.8,256,1480,30,19
Gustav Nyquist,32,CBJ,RW,82,18,35,53,-12,3.8,122,1463,51,41
Liam O'Brien,27,ARI,C,39,2,1,3,1,-0.1,36,370,10,139
Drew O'Connor,23,PIT,F,22,3,2,5,-1,0.3,40,226,7,12
Logan O'Connor,25,COL,RW,81,8,16,24,10,1.3,127,1124,59,100
Danny O'Regan,28,ANA,C,5,0,1,1,-1,0,2,50,4,3
Ryan O'Reilly,30,STL,C,78,21,37,58,11,5.2,168,1488,38,20
Jordan Oesterle,29,DET,D,45,2,6,8,-7,1.2,63,823,44,27
Nikita Okhotyuk,21,NJD,D,5,1,1,2,-2,0.2,5,75,1,16
Kyle Okposo,33,BUF,RW,74,21,24,45,-15,4.1,174,1241,19,59
Jamie Oleksiak,29,SEA,D,72,1,16,17,-1,3.2,95,1392,86,182
Mathieu Olivier,24,NSH,F,10,0,1,1,-3,-0.2,5,101,4,23
Victor Olofsson,26,BUF,RW,72,20,29,49,-16,4.5,164,1108,15,10
Dmitry Orlov,30,WSH,D,76,12,23,35,25,7.7,127,1593,94,124
T.J. Oshie,35,WSH,C,44,11,14,25,-12,1.8,77,768,30,86
Alex Ovechkin,36,WSH,LW,77,50,40,90,8,11.4,334,1584,25,156
Brayden Pachal,22,VEG,D,2,0,0,0,-2,-0.1,1,20,1,2
Max Pacioretty,33,VEG,LW,39,19,18,37,8,4.6,148,678,21,30
Jean-Gabriel Pageau,29,NYI,C,77,18,21,39,0,3.7,126,1361,53,171
Ondrej Palat,30,TBL,LW,77,18,31,49,15,4.8,143,1270,42,124
Kyle Palmieri,30,NYI,RW,69,15,18,33,0,3.2,156,1078,18,77
Artemi Panarin,30,NYR,LW,75,22,74,96,21,9.9,177,1441,14,22
Richard Panik,30,NYI,RW,4,0,1,1,-2,-0.1,4,60,2,9
Cedric Paquette,28,MTL,C,24,0,2,2,-6,-0.4,16,213,14,58
Colton Parayko,28,STL,D,80,6,29,35,16,5.9,135,1885,169,72
Zach Parise,37,NYI,LW,82,15,20,35,-2,3.1,138,1253,57,60
David Pastrnak,25,BOS,RW,72,40,37,77,13,9.7,312,1340,14,63
Greg Pateryn,31,ANA,D,10,1,1,2,0,0.5,16,141,7,18
Nolan Patrick,23,VEG,C,25,2,5,7,1,0.4,34,288,3,26
Nick Paul,26,TOT,LW,80,16,16,32,-14,2.2,166,1321,56,106
Joe Pavelski,37,DAL,C,82,27,54,81,11,8.6,216,1515,69,104
Chase Pearson,24,DET,C,3,0,0,0,0,0,2,20,0,4
Tanner Pearson,29,VAN,LW,68,14,20,34,9,3.3,159,1092,41,84
Matthew Peca,28,STL,C,5,0,1,1,-1,0,3,48,1,3
Lane Pederson,24,SJS,F,29,0,2,2,-16,-0.8,24,305,10,54
Andrew Peeke,23,CBJ,D,82,2,13,15,-14,1.7,72,1761,169,191
Adam Pelech,27,NYI,D,78,3,25,28,20,6.7,104,1660,128,99
Cole Perfetti,20,WPG,C,18,2,5,7,1,0.5,21,255,2,17
Brendan Perlini,25,EDM,LW,23,4,1,5,-2,0.4,24,193,3,29
Jacob Perreault,19,ANA,RW,1,0,0,0,-1,-0.1,0,11,1,0
Mathieu Perreault,34,MTL,C,25,4,5,9,2,0.9,27,281,11,35
David Perron,33,STL,LW,67,27,30,57,8,6.2,177,1138,11,80
Corey Perry,36,TBL,RW,82,19,21,40,9,4.1,153,1109,28,73
Scott Perunovich,23,STL,D,19,0,6,6,2,0.9,14,294,12,5
Brett Pesce,27,CAR,D,70,7,21,28,5,5.3,148,1519,99,39
Nic Petan,26,VAN,C,18,0,2,2,-2,-0.2,21,185,3,6
John-Jason Peterka,20,BUF,RW,2,0,0,0,0,0,3,32,2,1
Jacob Peterson,22,DAL,C,65,12,5,17,-1,1.7,85,719,23,22
Jeff Petry,34,MTL,D,68,6,21,27,-11,3.6,124,1504,117,140
Elias Pettersson,23,VAN,C,80,32,36,68,1,7.4,192,1488,43,49
Marcus Pettersson,25,PIT,D,72,2,17,19,8,3.6,83,1127,74,122
Michael Pezzetta,23,MTL,C,51,5,6,11,-7,0.7,49,400,8,156
Isaak Phillips,20,CHI,D,4,0,0,0,-1,0,4,49,1,3
Alex Pietrangelo,32,VEG,D,80,13,31,44,7,7.5,227,1972,164,66
Garrett Pilon,23,WSH,C,2,1,0,1,1,0.2,1,19,0,2
Shane Pinto,21,OTT,C,5,0,1,1,0,0,5,65,1,0
Neal Pionk,26,WPG,D,77,3,31,34,5,5.2,140,1628,91,185
Rem Pitlick,24,TOT,C,66,15,22,37,-8,3.1,65,989,28,25
Tyler Pitlick,30,TOT,C,39,1,4,5,-11,-0.6,36,427,26,70
Vasily Podkolzin,20,VAN,RW,79,14,12,26,7,2.5,115,1011,33,84
Ryan Poehling,23,MTL,C,57,9,8,17,-21,0.6,91,695,28,40
Austin Poganski,25,WPG,RW,16,0,0,0,-3,-0.4,9,149,5,23
Brayden Point,25,TBL,C,66,28,30,58,-5,5.8,176,1284,27,75
Tucker Poolman,28,VAN,D,40,1,2,3,2,1.2,47,680,73,33
Andrew Poturalski,28,CAR,C,2,0,2,2,-1,0.1,4,20,1,0
Derrick Pouliot,28,TOT,D,11,0,4,4,6,1,8,171,14,10
Owen Power,19,BUF,D,8,2,1,3,3,0.9,10,177,9,1
Chase Priskie,25,FLA,D,4,0,0,0,2,0.1,4,56,3,3
Aliaksei Protas,21,WSH,C,33,3,6,9,4,0.7,34,391,12,20
Ivan Provorov,25,PHI,D,79,9,22,31,-20,4.4,170,1966,172,74
Ethan Prow,29,BUF,D,4,1,0,1,-1,0.2,2,51,3,2
Jesse Puljujarvi,23,EDM,RW,65,14,22,36,22,3.7,160,1055,15,81
Ryan Pulock,27,NYI,D,56,5,16,21,0,4.1,122,1184,130,86
Valtteri Puustinen,22,PIT,RW,1,0,1,1,2,0.2,1,10,0,1
Mark Pysyk,30,BUF,D,68,3,9,12,-4,2.6,64,1212,85,41
Jack Quinn,20,BUF,RW,2,1,1,2,0,0.3,6,30,1,0
Darren Raddysh,25,TBL,D,4,0,0,0,1,0.1,2,43,6,4
Taylor Raddysh,23,TOT,RW,74,11,11,22,1,1.7,104,913,21,103
Alexander Radulov,35,DAL,RW,71,4,18,22,-20,0.3,92,1001,48,43
Michael Raffl,33,DAL,LW,76,7,9,16,-19,-0.1,94,1105,34,141
Rickard Rakell,28,TOT,RW,70,20,21,41,0,4,184,1259,44,99
Sampo Ranta,21,COL,LW,10,0,0,0,-4,-0.4,9,109,6,9
Mikko Rantanen,25,COL,RW,75,36,56,92,35,10.5,254,1574,43,58
Victor Rask,28,TOT,C,47,9,12,21,4,2,58,573,5,15
Adam Raska,20,SJS,RW,5,0,0,0,1,0,2,40,0,15
Michael Rasmussen,22,DET,C,80,15,12,27,-25,1.3,128,1161,65,142
Isaac Ratcliffe,22,PHI,LW,10,1,3,4,-1,0.3,14,107,8,16
Jack Rathbone,22,VAN,D,9,0,0,0,-5,-0.2,10,124,8,5
Kyle Rau,29,MIN,C,5,0,0,0,-3,-0.2,3,44,0,6
Lucas Raymond,19,DET,LW,82,23,34,57,-32,4.2,184,1489,24,62
Ryan Reaves,35,NYR,RW,69,5,8,13,-13,0.1,44,735,16,279
Scott Reedy,22,SJS,C,35,7,2,9,-8,0.8,33,392,26,14
Alec Regula,21,CHI,D,15,1,0,1,-1,0.5,18,268,21,21
Kristian Reichel,23,WPG,F,13,1,1,2,-2,0,18,135,10,14
Lukas Reichel,19,CHI,LW,11,0,1,1,-8,-0.4,15,145,3,0
Mike Reilly,28,BOS,D,70,4,13,17,-1,3.4,135,1327,54,94
Cole Reinhardt,21,OTT,LW,1,0,0,0,0,0,1,9,0,2
Sam Reinhart,26,FLA,C,78,33,49,82,25,9,186,1385,30,49
Sheldon Rempal,26,VAN,RW,1,0,0,0,-1,-0.1,2,9,0,0
Dan Renouf,27,DET,D,4,0,0,0,-2,-0.1,3,56,2,4
Brad Richardson,36,TOT,C,44,4,4,8,-1,0.4,31,453,20,59
Morgan Rielly,27,TOR,D,82,10,58,68,16,9.4,221,1947,87,92
Juuso Riikola,28,PIT,D,5,0,1,1,2,0.3,7,67,2,13
Rasmus Ristolainen,27,PHI,D,66,2,14,16,-9,2.5,97,1415,125,230
Brett Ritchie,28,CGY,RW,41,3,1,4,-6,-0.3,55,399,5,78
Nick Ritchie,26,TOT,LW,57,12,11,23,-13,1.6,93,724,22,153
Jason Robertson,22,DAL,LW,74,41,38,79,16,10.1,220,1340,24,50
Nicholas Robertson,20,TOR,LW,10,1,0,1,-4,-0.1,14,103,2,10
Buddy Robinson,30,ANA,RW,32,1,5,6,2,0.3,38,296,12,56
Eric Robinson,26,CBJ,LW,67,10,17,27,-1,1.9,104,931,20,95
Evan Rodrigues,28,PIT,C,82,19,24,43,3,3.9,243,1299,30,89
Alexander Romanov,22,MTL,D,79,3,10,13,-9,2.1,107,1611,144,227
Kevin Rooney,28,NYR,C,61,6,6,12,-1,0.4,71,845,47,84
Calle Rosen,27,STL,D,18,2,5,7,-2,0.8,18,258,16,6
Jack Roslovic,25,CBJ,C,81,22,23,45,2,4.5,131,1157,25,60
Marco Rossi,20,MIN,C,2,0,0,0,-1,-0.1,5,31,1,1
Antoine Roussel,32,ARI,LW,53,4,4,8,-16,-0.5,59,644,34,74
Carter Rowney,32,DET,RW,26,4,2,6,-4,0.4,15,277,20,36
Matt Roy,26,LAK,D,67,2,19,21,23,5.4,153,1406,103,124
Nicolas Roy,24,VEG,C,78,15,24,39,12,3.5,145,1268,34,85
Kristians Rubins,24,TOR,D,3,0,0,0,-2,-0.1,5,35,2,12
Chad Ruhwedel,31,PIT,D,78,4,9,13,2,2.8,82,1196,86,149
Arttu Ruotsalainen,24,BUF,F,18,2,2,4,-1,0.2,23,214,6,14
Kris Russell,34,EDM,D,31,2,7,9,7,1.9,34,479,68,33
Bryan Rust,29,PIT,RW,60,24,34,58,7,6.2,180,1126,24,43
Jan Rutta,31,TBL,D,76,3,15,18,25,4.8,86,1245,71,93
Adam Ruzicka,22,CGY,C,28,5,5,10,8,1.2,33,286,8,24
Derek Ryan,35,EDM,C,75,10,12,22,-4,1.4,72,857,38,38
Jonas Røndbjerg,22,VEG,RW,30,2,4,6,0,0.3,30,300,11,13
Brandon Saad,29,STL,LW,78,24,25,49,11,5,158,1269,20,20
Scott Sabourin,29,OTT,F,7,0,2,2,-2,0,4,53,4,14
Robin Salo,23,NYI,D,21,1,4,5,-6,0.6,24,351,23,7
Dylan Samberg,23,WPG,D,15,0,5,5,3,0.9,14,223,19,21
Dmitri Samorukov,22,EDM,D,1,0,0,0,-2,-0.1,0,2,0,0
Mattias Samuelsson,21,BUF,D,42,0,10,10,-10,1.2,44,840,60,100
Linus Sandin,25,PHI,F,1,0,0,0,0,0,1,7,2,0
Rasmus Sandin,21,TOR,D,51,5,11,16,9,3,46,865,39,88
Zach Sanford,27,TOT,LW,80,9,12,21,-15,0.7,104,1144,67,169
Travis Sanheim,25,PHI,D,80,7,24,31,9,6.2,123,1838,142,64
David Savard,31,MTL,D,62,3,14,17,-22,1.3,66,1289,127,134
Marco Scandella,31,STL,D,70,3,11,14,17,3.4,76,1270,70,106
Colton Sceviour,32,EDM,C,35,2,3,5,-6,-0.1,38,332,20,41
Mark Scheifele,28,WPG,C,67,29,41,70,-17,6.6,159,1416,47,36
Brayden Schenn,30,STL,C,62,24,34,58,21,6.5,111,1103,17,119
Luke Schenn,32,VAN,D,66,5,12,17,15,4.4,78,1136,96,273
Nick Schmaltz,25,ARI,C,63,23,36,59,1,6.1,123,1150,28,15
Nate Schmidt,30,WPG,D,77,4,28,32,-4,4.4,117,1556,104,37
Braden Schneider,20,NYR,D,43,2,9,11,5,2.5,25,665,52,60
Corey Schueneman,26,MTL,D,24,2,4,6,-5,0.7,30,398,40,15
Justin Schultz,31,WSH,D,74,4,19,23,-15,2.5,92,1252,87,40
Jaden Schwartz,29,SEA,C,37,8,15,23,-13,1.5,101,683,13,42
Cole Schwindt,20,FLA,RW,3,0,0,0,-4,-0.2,3,42,2,5
Nick Seeler,28,PHI,D,43,1,2,3,-3,0.7,32,562,67,75
Tyler Seguin,30,DAL,C,81,24,25,49,-21,4.2,218,1443,33,96
Moritz Seider,20,DET,D,82,7,43,50,-9,6.7,187,1889,161,151
Andrej Sekera,35,DAL,D,32,1,3,4,-3,0.9,26,439,25,15
Kirill Semyonov,27,TOR,C,3,0,0,0,-2,-0.1,1,30,0,4
Brett Seney,25,TOR,LW,2,0,0,0,0,0,1,14,2,3
Zachary Senyshyn,24,OTT,RW,2,0,0,0,-1,-0.1,0,13,0,4
Mikhail Sergachev,23,TBL,D,78,7,31,38,6,6.1,149,1753,123,139
Damon Severson,27,NJD,D,80,11,35,46,-14,6.3,158,1888,92,91
Michael Sgarbossa,29,WSH,C,10,2,2,4,3,0.5,11,99,2,7
Yegor Sharangovich,23,NJD,C,76,24,22,46,-14,4.2,168,1255,26,30
Kevin Shattenkirk,33,ANA,D,82,8,27,35,-9,5.7,163,1756,135,73
Logan Shaw,30,OTT,RW,17,1,2,3,-3,0.1,17,159,5,11
Mason Shaw,23,MIN,C,3,0,0,0,-2,-0.1,7,27,1,6
Riley Sheahan,30,SEA,C,69,4,13,17,6,1.1,69,831,28,16
Conor Sheary,29,WSH,LW,71,19,24,43,-2,4.2,129,1085,44,45
Kiefer Sherwood,26,COL,RW,11,1,1,2,3,0.2,9,94,4,12
Kole Sherwood,25,NSH,RW,1,0,0,0,0,0,2,8,0,3
Devin Shore,27,EDM,C,49,5,6,11,-4,0.6,36,469,21,67
Jonas Siegenthaler,24,NJD,D,70,1,13,14,-5,2.4,92,1439,106,98
Dylan Sikura,26,COL,C,5,0,1,1,0,0,3,50,3,0
Jakob Silfverberg,31,ANA,LW,53,5,16,21,-3,1.1,120,903,40,16
Cole Sillinger,18,CBJ,C,79,16,15,31,-22,1.8,148,1082,43,98
Radim Simek,29,SJS,D,36,1,1,2,-13,0.1,25,478,39,96
Wayne Simmonds,33,TOR,RW,72,5,11,16,-7,0.5,79,672,11,148
Dominik Simon,27,TOT,C,72,3,10,13,0,0.3,88,741,38,72
Colton Sissons,28,NSH,C,79,7,21,28,2,1.3,87,1277,44,188
Jeff Skinner,29,BUF,LW,80,33,30,63,-14,6.9,262,1368,20,29
Brady Skjei,27,CAR,D,82,9,30,39,22,8,184,1734,73,95
Jaccob Slavin,27,CAR,D,79,4,38,42,35,8.9,165,1859,121,50
Josiah Slavin,23,CHI,LW,15,0,1,1,0,-0.2,13,180,4,12
Brendan Smith,32,CAR,D,45,4,4,8,6,2.2,63,626,40,73
C.J. Smith,27,CAR,LW,1,0,0,0,-1,-0.1,0,9,0,1
Cole Smith,26,NSH,F,8,0,0,0,-3,-0.2,3,71,1,21
Craig Smith,32,BOS,C,74,16,20,36,2,3.4,187,1067,28,95
Gemel Smith,27,DET,C,3,0,1,1,-2,0,1,20,1,0
Givani Smith,23,DET,RW,46,4,3,7,-6,0.2,50,390,20,86
Nathan Smith,23,ARI,C,10,2,2,4,-1,0.3,14,142,6,26
Reilly Smith,30,VEG,RW,56,16,22,38,4,3.7,150,996,23,55
Ty Smith,21,NJD,D,66,5,15,20,-26,1.6,77,1155,73,45
Joe Snively,26,WSH,F,12,4,3,7,3,1,21,139,3,2
Victor Soderstrom,20,ARI,D,16,0,0,0,-7,-0.2,14,261,23,14
Egor Sokolov,21,OTT,F,8,0,0,0,-6,-0.3,8,83,4,13
Carson Soucy,27,SEA,D,64,10,11,21,7,4.7,97,1130,73,118
Blake Speers,25,ARI,C,2,0,0,0,-3,-0.1,1,18,2,3
Jordan Spence,20,LAK,D,24,2,6,8,0,1.5,41,474,29,32
Jason Spezza,38,TOR,C,71,12,13,25,-3,2,97,763,24,31
Daniel Sprong,24,TOT,RW,63,14,6,20,0,2,153,818,12,43
Jared Spurgeon,32,MIN,D,65,10,30,40,32,7.2,116,1375,83,44
Jordan Staal,33,CAR,C,78,17,19,36,11,3.3,146,1297,29,212
Marc Staal,35,DET,D,71,3,13,16,-1,3,76,1237,75,94
Steven Stamkos,31,TBL,C,81,42,64,106,24,12.5,241,1497,31,93
Logan Stanley,23,WPG,D,58,1,12,13,1,2.1,80,907,100,131
Paul Stastny,36,WPG,C,71,21,24,45,14,4.8,141,1263,27,27
Troy Stecher,27,TOT,D,29,1,2,3,-7,0.4,50,483,38,33
Sam Steel,23,ANA,C,68,6,14,20,-17,0.7,66,837,27,37
Oskar Steen,23,BOS,C,20,2,4,6,-1,0.4,25,221,8,32
Alex Steeves,22,TOR,F,3,0,1,1,-1,0,2,24,1,1
Kevin Stenlund,25,CBJ,C,3,0,0,0,0,0,3,23,2,2
Derek Stepan,31,CAR,C,58,9,10,19,0,1.6,96,626,25,29
Mitchell Stephens,24,DET,C,27,0,6,6,-8,-0.2,17,302,9,21
Chandler Stephenson,27,VEG,C,79,21,43,64,5,5.9,125,1526,44,68
Riley Stillman,23,CHI,D,52,2,10,12,-8,1.8,49,783,67,122
Mark Stone,29,VEG,RW,37,9,21,30,7,2.9,71,679,24,19
Michael Stone,31,CGY,D,11,2,4,6,3,1.1,24,192,17,26
Anton Stralman,35,ARI,D,74,8,15,23,-16,3.6,95,1579,100,99
Austin Strand,24,LAK,D,8,0,2,2,-1,0.3,9,122,5,7
Dylan Strome,24,CHI,C,69,22,26,48,-6,4.7,126,1203,33,11
Ryan Strome,28,NYR,C,74,21,33,54,15,5.7,161,1356,19,41
Marian Studenic,23,TOT,RW,33,2,2,4,-7,-0.2,42,368,15,25
Jack Studnicka,22,BOS,C,15,0,3,3,-5,-0.2,21,189,5,17
Nico Sturm,26,TOT,C,74,9,11,20,-7,0.7,101,881,29,99
Tim Stützle,20,OTT,LW,79,22,36,58,-27,4.8,176,1455,52,125
P.K. Subban,32,NJD,D,77,5,17,22,-8,3.4,114,1409,90,69
C.J. Suess,27,WPG,LW,3,0,0,0,0,0,0,17,5,2
Oskar Sundqvist,27,TOT,C,59,8,15,23,5,1.7,70,826,29,70
Andrej Sustr,31,TOT,D,38,1,5,6,-4,1,28,559,36,27
Pius Suter,25,DET,F,82,15,21,36,-11,2.3,166,1388,37,24
Ryan Suter,37,DAL,D,82,7,25,32,1,6.6,118,1940,88,46
Nick Suzuki,22,MTL,C,82,21,40,61,-29,4.2,186,1682,62,89
Andrei Svechnikov,21,CAR,RW,78,30,39,69,19,7.9,249,1346,15,189
Evgeny Svechnikov,25,WPG,LW,72,7,12,19,-4,1.1,78,774,22,104
Brandon Tanev,30,SEA,LW,30,9,6,15,4,1.8,51,437,22,98
Chris Tanev,32,CGY,D,82,6,22,28,35,6.9,88,1678,158,52
Vladimir Tarasenko,30,STL,RW,75,34,48,82,7,8.9,230,1268,45,83
Tomas Tatar,31,NJD,LW,76,15,15,30,-22,1.7,132,1127,28,75
John Tavares,31,TOR,C,79,27,49,76,-8,6.9,237,1428,44,90
Matt Tennyson,31,NSH,D,8,0,3,3,0,0.4,5,103,4,12
Teuvo Teravainen,27,CAR,F,77,22,43,65,22,6.9,202,1363,30,15
Troy Terry,24,ANA,C,75,37,30,67,-11,7.7,192,1368,27,6
Alexandre Texier,22,CBJ,C,36,11,9,20,0,2.1,59,526,12,13
Shea Theodore,26,VEG,D,78,14,38,52,6,8.2,205,1804,97,37
Robert Thomas,22,STL,C,72,20,57,77,17,7.3,115,1352,25,13
Nate Thompson,37,PHI,C,33,1,2,3,-15,-0.7,23,395,20,49
Tage Thompson,24,BUF,C,78,38,30,68,-17,7.7,253,1395,25,66
Tyce Thompson,22,NJD,RW,2,0,0,0,0,0,3,29,0,2
Lassi Thomson,21,OTT,D,16,0,5,5,-8,0.3,18,276,9,23
Joe Thornton,42,FLA,C,34,5,5,10,-10,0.3,26,378,10,20
Chris Tierney,27,OTT,C,70,6,12,18,-12,0.7,72,869,30,42
Conor Timmins,23,ARI,D,6,0,0,0,-6,-0.3,5,106,9,7
Jarred Tinordi,29,NYR,D,7,1,0,1,-5,-0.1,5,90,8,17
Owen Tippett,22,TOT,RW,63,10,11,21,-2,1.3,126,846,16,98
Vladimir Tkachev,26,LAK,F,4,0,2,2,-2,0,1,56,0,1
Brady Tkachuk,22,OTT,LW,79,30,37,67,-7,7.1,288,1485,25,270
Matthew Tkachuk,24,CGY,LW,82,42,62,104,57,13.7,253,1468,20,93
Devon Toews,27,COL,D,66,13,44,57,52,11.2,158,1674,85,54
Jonathan Toews,33,CHI,C,71,12,25,37,-14,2.4,125,1241,22,25
Tyler Toffoli,29,TOT,C,74,20,29,49,-5,4.5,195,1206,24,81
Eeli Tolvanen,22,NSH,RW,75,11,12,23,-7,1.3,151,1007,45,176
Philip Tomasino,20,NSH,C,76,11,21,32,2,2.7,111,877,28,49
Dominic Toninato,27,WPG,C,77,7,7,14,1,1,44,647,32,92
Alexey Toropchenko,22,STL,RW,28,2,0,2,-9,-0.5,43,300,21,69
Brayden Tracey,20,ANA,LW,1,0,0,0,-1,-0.1,1,9,0,0
Yakov Trenin,25,NSH,C,80,17,7,24,7,2.2,136,1173,33,191
Vincent Trocheck,28,CAR,C,81,21,30,51,21,5.3,168,1448,46,185
Jacob Trouba,27,NYR,D,81,11,28,39,25,8.9,204,1817,177,207
Alexander True,24,SEA,F,8,0,0,0,-2,-0.2,6,66,2,22
Alex Tuch,25,BUF,RW,50,12,26,38,-3,3.4,139,920,49,32
Riley Tufte,23,DAL,LW,10,1,0,1,0,0.1,5,72,4,9
Alex Turcotte,20,LAK,C,8,0,0,0,0,-0.1,13,90,2,8
Kyle Turris,32,EDM,C,23,1,3,4,-5,-0.1,21,198,6,13
T.J. Tynan,29,LAK,C,2,0,0,0,0,0,3,22,2,1
Urho Vaakanainen,23,TOT,D,29,0,6,6,-5,0.9,27,560,28,27
Juuso Valimaki,23,CGY,D,9,0,2,2,0,0.3,11,141,9,8
James van Riemsdyk,32,PHI,LW,82,24,14,38,-33,2.9,186,1321,25,34
Trevor van Riemsdyk,30,WSH,D,72,1,16,17,-3,2.5,75,1258,129,25
Frank Vatrano,27,TOT,LW,71,18,14,32,4,3.2,161,934,26,68
Mike Vecchione,28,WSH,RW,1,0,0,0,-1,0,3,5,0,0
Lukas Vejdemo,26,MTL,C,6,1,0,1,-3,0,10,64,4,7
Joe Veleno,22,DET,C,66,8,7,15,-14,0.3,73,872,25,123
Carter Verhaeghe,26,FLA,C,78,24,31,55,24,5.8,167,1252,16,50
Kristian Vesalainen,22,WPG,W,53,2,1,3,-8,-0.6,43,460,14,72
Jimmy Vesey,28,NJD,LW,68,8,7,15,-24,-0.3,110,981,29,85
Jeffrey Viel,25,SJS,F,34,3,2,5,-2,0.3,30,299,11,84
Gabriel Vilardi,22,LAK,C,25,5,2,7,-5,0.5,41,338,9,6
Alex Vlasic,20,CHI,D,15,1,1,2,-2,0.4,12,215,16,15
Marc-Edouard Vlasic,34,SJS,D,75,3,11,14,-22,1.9,63,1141,90,54
Jakub Voracek,32,CBJ,RW,79,6,56,62,-13,3.7,147,1379,28,27
Jakub Vrana,25,DET,LW,26,13,6,19,-8,2.2,65,388,9,14
Chris Wagner,30,BOS,C,1,0,0,0,-1,-0.1,2,16,0,11
Oliver Wahlstrom,21,NYI,RW,73,13,11,24,-6,2.2,157,880,19,101
Nathan Walker,27,STL,C,30,8,4,12,1,1.3,38,346,22,58
Sean Walker,27,LAK,D,6,0,2,2,-1,0.2,18,110,9,9
Jake Walman,25,TOT,D,51,3,7,10,-3,1.5,87,715,58,47
Reilly Walsh,22,NJD,D,1,0,1,1,0,0.1,2,14,2,0
Austin Watson,30,OTT,LW,67,10,6,16,-3,1.3,88,803,63,213
Jasper Weatherby,24,SJS,C,50,5,6,11,-14,0.3,45,562,24,52
MacKenzie Weegar,28,FLA,D,80,8,36,44,40,7.7,203,1870,156,179
Alexander Wennberg,27,SEA,C,80,11,26,37,-26,1.6,95,1428,44,47
Zach Werenski,24,CBJ,D,68,11,37,48,-15,5.7,216,1745,95,33
Blake Wheeler,35,WPG,RW,65,17,43,60,-15,4.8,167,1270,37,62
Colin White,25,OTT,C,24,3,7,10,-11,0.3,47,368,4,28
Colton White,24,NJD,D,27,0,4,4,2,0.9,18,358,14,24
Zach Whitecloud,25,VEG,D,59,8,11,19,21,5,94,1109,115,98
Chris Wideman,32,MTL,D,64,4,23,27,-25,1.9,76,952,46,44
Maxwell Willman,26,PHI,C,41,4,2,6,-13,-0.2,65,483,10,53
Tom Wilson,27,WSH,RW,78,24,28,52,13,5.5,151,1449,55,240
Luke Witkowski,31,DET,D,1,0,0,0,0,0,0,9,0,1
Christian Wolanin,26,TOT,D,9,1,1,2,-1,0.4,5,132,13,5
Miles Wood,26,NJD,LW,3,0,0,0,-2,-0.1,2,44,1,5
Kailer Yamamoto,23,EDM,RW,81,20,21,41,-1,3.4,114,1367,36,114
Keith Yandle,35,PHI,D,77,1,18,19,-47,-0.4,105,1076,40,29
Jesse Ylönen,22,MTL,RW,14,2,3,5,2,0.5,16,162,4,5
Cameron York,21,PHI,D,30,3,7,10,-14,0.8,33,572,40,20
Pavel Zacha,24,NJD,C,70,15,21,36,-21,2.2,148,1179,18,80
Filip Zadina,22,DET,RW,74,10,14,24,-24,0.8,154,1049,34,57
Nikita Zadorov,26,CGY,D,74,4,18,22,11,4.1,106,1251,49,181
Nikita Zaitsev,30,OTT,D,62,2,9,11,-7,2.2,65,1177,103,128
Yegor Zamula,21,PHI,D,10,0,0,0,-6,-0.3,4,163,19,5
Jakub Zboril,24,BOS,D,10,0,3,3,1,0.5,13,157,10,24
Trevor Zegras,20,ANA,C,75,23,38,61,-21,5.4,181,1343,27,56
Fabian Zetterlund,22,NJD,W,14,3,5,8,5,0.9,36,187,7,16
Mika Zibanejad,28,NYR,C,81,29,52,81,30,9.2,219,1591,47,67
Radim Zohorna,25,PIT,F,17,2,4,6,12,0.9,9,176,3,23
Artem Zub,26,OTT,D,81,6,16,22,1,4.9,92,1704,124,155
Mats Zuccarello,34,MIN,LW,70,24,55,79,21,8,159,1301,33,36
Jason Zucker,30,PIT,LW,41,8,9,17,-2,1.3,102,608,20,66